CName,RCEmail,RCPassword,permitHour,permitHour_nextMonth,RCPhone,RCIsActive,id
rc001,rc001@gmail.com,rc001,10,10,2914177763,1,2001
rc002,rc002@gmail.com,rc002,10,10,1706690743,1,2002
rc003,rc003@gmail.com,rc003,10,10,9150008063,1,2003
rc004,rc004@gmail.com,rc004,10,10,6083778353,1,2004
rc005,rc005@gmail.com,rc005,10,10,3740681241,1,2005
rc006,rc006@gmail.com,rc006,10,10,5868344978,1,2006
rc007,rc007@gmail.com,rc007,10,10,6907366258,1,2007
rc008,rc008@gmail.com,rc008,10,10,5178128657,1,2008
rc009,rc009@gmail.com,rc009,10,10,0704999622,1,2009
rc010,rc010@gmail.com,rc010,10,10,8303883685,1,2010
rc011,rc011@gmail.com,rc011,10,10,9574890682,1,2011
rc012,rc012@gmail.com,rc012,10,10,8836075983,1,2012
rc013,rc013@gmail.com,rc013,10,10,8675650889,1,2013
rc014,rc014@gmail.com,rc014,10,10,9579032892,1,2014
rc015,rc015@gmail.com,rc015,10,10,1840110704,1,2015
rc016,rc016@gmail.com,rc016,10,10,3419254122,1,2016
rc017,rc017@gmail.com,rc017,10,10,4824475771,1,2017
rc018,rc018@gmail.com,rc018,10,10,0465634148,1,2018
rc019,rc019@gmail.com,rc019,10,10,3960306202,1,2019
rc020,rc020@gmail.com,rc020,10,10,7868387380,1,2020
rc021,rc021@gmail.com,rc021,10,10,6956042304,1,2021
rc022,rc022@gmail.com,rc022,10,10,1144269420,1,2022
rc023,rc023@gmail.com,rc023,10,10,8093972980,1,2023
rc024,rc024@gmail.com,rc024,10,10,6351396937,1,2024
rc025,rc025@gmail.com,rc025,10,10,1648705964,1,2025
rc026,rc026@gmail.com,rc026,10,10,0235925634,1,2026
rc027,rc027@gmail.com,rc027,10,10,1685878310,1,2027
rc028,rc028@gmail.com,rc028,10,10,1222834598,1,2028
rc029,rc029@gmail.com,rc029,10,10,4555143972,1,2029
rc030,rc030@gmail.com,rc030,10,10,9815061622,1,2030
rc031,rc031@gmail.com,rc031,10,10,5199619839,1,2031
rc032,rc032@gmail.com,rc032,10,10,1454981741,1,2032
rc033,rc033@gmail.com,rc033,10,10,0409016103,1,2033
rc034,rc034@gmail.com,rc034,10,10,3962172321,1,2034
rc035,rc035@gmail.com,rc035,10,10,6684847513,1,2035
rc036,rc036@gmail.com,rc036,10,10,5000495765,1,2036
rc037,rc037@gmail.com,rc037,10,10,6115971439,1,2037
rc038,rc038@gmail.com,rc038,10,10,8754283433,1,2038
rc039,rc039@gmail.com,rc039,10,10,5141719536,1,2039
rc040,rc040@gmail.com,rc040,10,10,4052594351,1,2040
rc041,rc041@gmail.com,rc041,10,10,8999133036,1,2041
rc042,rc042@gmail.com,rc042,10,10,1481100457,1,2042
rc043,rc043@gmail.com,rc043,10,10,7218518222,1,2043
rc044,rc044@gmail.com,rc044,10,10,2541894232,1,2044
rc045,rc045@gmail.com,rc045,10,10,8059832468,1,2045
rc046,rc046@gmail.com,rc046,10,10,2034176848,1,2046
rc047,rc047@gmail.com,rc047,10,10,7870652470,1,2047
rc048,rc048@gmail.com,rc048,10,10,6900592922,1,2048
rc049,rc049@gmail.com,rc049,10,10,4469629137,1,2049
rc050,rc050@gmail.com,rc050,10,10,0285873357,1,2050
rc051,rc051@gmail.com,rc051,10,10,7365894301,1,2051
rc052,rc052@gmail.com,rc052,10,10,8528344485,1,2052
rc053,rc053@gmail.com,rc053,10,10,2791198962,1,2053
rc054,rc054@gmail.com,rc054,10,10,2463907656,1,2054
rc055,rc055@gmail.com,rc055,10,10,8280814141,1,2055
rc056,rc056@gmail.com,rc056,10,10,2917366625,1,2056
rc057,rc057@gmail.com,rc057,10,10,7297316986,1,2057
rc058,rc058@gmail.com,rc058,10,10,1443680387,1,2058
rc059,rc059@gmail.com,rc059,10,10,9009343242,1,2059
rc060,rc060@gmail.com,rc060,10,10,8344947285,1,2060
rc061,rc061@gmail.com,rc061,10,10,7613963410,1,2061
rc062,rc062@gmail.com,rc062,10,10,1908421859,1,2062
rc063,rc063@gmail.com,rc063,10,10,4685850177,1,2063
rc064,rc064@gmail.com,rc064,10,10,5486597166,1,2064
rc065,rc065@gmail.com,rc065,10,10,3804983798,1,2065
rc066,rc066@gmail.com,rc066,10,10,6427983580,1,2066
rc067,rc067@gmail.com,rc067,10,10,6966599173,1,2067
rc068,rc068@gmail.com,rc068,10,10,4062642190,1,2068
rc069,rc069@gmail.com,rc069,10,10,5468427472,1,2069
rc070,rc070@gmail.com,rc070,10,10,7804819615,1,2070
rc071,rc071@gmail.com,rc071,10,10,1702821649,1,2071
rc072,rc072@gmail.com,rc072,10,10,4383354118,1,2072
rc073,rc073@gmail.com,rc073,10,10,5788024845,1,2073
rc074,rc074@gmail.com,rc074,10,10,9368627495,1,2074
rc075,rc075@gmail.com,rc075,10,10,3493096563,1,2075
rc076,rc076@gmail.com,rc076,10,10,4312979294,1,2076
rc077,rc077@gmail.com,rc077,10,10,7822275463,1,2077
rc078,rc078@gmail.com,rc078,10,10,1341136571,1,2078
rc079,rc079@gmail.com,rc079,10,10,2009030789,1,2079
rc080,rc080@gmail.com,rc080,10,10,7541921363,1,2080
rc081,rc081@gmail.com,rc081,10,10,7762334789,1,2081
rc082,rc082@gmail.com,rc082,10,10,6374579131,1,2082
rc083,rc083@gmail.com,rc083,10,10,0007569436,1,2083
rc084,rc084@gmail.com,rc084,10,10,2200628096,1,2084
rc085,rc085@gmail.com,rc085,10,10,4217400808,1,2085
rc086,rc086@gmail.com,rc086,10,10,2041613072,1,2086
rc087,rc087@gmail.com,rc087,10,10,4376544330,1,2087
rc088,rc088@gmail.com,rc088,10,10,9925698805,1,2088
rc089,rc089@gmail.com,rc089,10,10,8683861491,1,2089
rc090,rc090@gmail.com,rc090,10,10,4212036001,1,2090
rc091,rc091@gmail.com,rc091,10,10,8785150280,1,2091
rc092,rc092@gmail.com,rc092,10,10,7267084145,1,2092
rc093,rc093@gmail.com,rc093,10,10,1406045246,1,2093
rc094,rc094@gmail.com,rc094,10,10,1416388355,1,2094
rc095,rc095@gmail.com,rc095,10,10,8697127889,1,2095
rc096,rc096@gmail.com,rc096,10,10,8804235685,1,2096
rc097,rc097@gmail.com,rc097,10,10,1652910485,1,2097
rc098,rc098@gmail.com,rc098,10,10,6455458808,1,2098
rc099,rc099@gmail.com,rc099,10,10,1255591747,1,2099
rc100,rc100@gmail.com,rc100,10,10,7561902087,1,2100
rc101,rc101@gmail.com,rc101,10,10,9439555647,1,2101
rc102,rc102@gmail.com,rc102,10,10,9588202439,1,2102
rc103,rc103@gmail.com,rc103,10,10,2126901841,1,2103
rc104,rc104@gmail.com,rc104,10,10,3419811328,1,2104
rc105,rc105@gmail.com,rc105,10,10,6095743397,1,2105
rc106,rc106@gmail.com,rc106,10,10,3675837146,1,2106
rc107,rc107@gmail.com,rc107,10,10,3086871698,1,2107
rc108,rc108@gmail.com,rc108,10,10,9960570340,1,2108
rc109,rc109@gmail.com,rc109,10,10,8148589848,1,2109
rc110,rc110@gmail.com,rc110,10,10,6886994742,1,2110
rc111,rc111@gmail.com,rc111,10,10,8792824069,1,2111
rc112,rc112@gmail.com,rc112,10,10,0566401106,1,2112
rc113,rc113@gmail.com,rc113,10,10,4745756717,1,2113
rc114,rc114@gmail.com,rc114,10,10,5262024529,1,2114
rc115,rc115@gmail.com,rc115,10,10,4648464657,1,2115
rc116,rc116@gmail.com,rc116,10,10,3766112323,1,2116
rc117,rc117@gmail.com,rc117,10,10,0142716201,1,2117
rc118,rc118@gmail.com,rc118,10,10,6908386501,1,2118
rc119,rc119@gmail.com,rc119,10,10,8614427031,1,2119
rc120,rc120@gmail.com,rc120,10,10,6174876197,1,2120
rc121,rc121@gmail.com,rc121,10,10,1269328468,1,2121
rc122,rc122@gmail.com,rc122,10,10,4783957105,1,2122
rc123,rc123@gmail.com,rc123,10,10,4087413844,1,2123
rc124,rc124@gmail.com,rc124,10,10,3622436890,1,2124
rc125,rc125@gmail.com,rc125,10,10,8982644744,1,2125
rc126,rc126@gmail.com,rc126,10,10,7375973529,1,2126
rc127,rc127@gmail.com,rc127,10,10,2978208582,1,2127
rc128,rc128@gmail.com,rc128,10,10,3597751224,1,2128
rc129,rc129@gmail.com,rc129,10,10,3180921393,1,2129
rc130,rc130@gmail.com,rc130,10,10,8946500493,1,2130
rc131,rc131@gmail.com,rc131,10,10,1345498601,1,2131
rc132,rc132@gmail.com,rc132,10,10,5521429051,1,2132
rc133,rc133@gmail.com,rc133,10,10,1145348050,1,2133
rc134,rc134@gmail.com,rc134,10,10,1265315408,1,2134
rc135,rc135@gmail.com,rc135,10,10,5152946199,1,2135
rc136,rc136@gmail.com,rc136,10,10,8796864348,1,2136
rc137,rc137@gmail.com,rc137,10,10,2098123364,1,2137
rc138,rc138@gmail.com,rc138,10,10,8048484726,1,2138
rc139,rc139@gmail.com,rc139,10,10,1518588890,1,2139
rc140,rc140@gmail.com,rc140,10,10,9472219237,1,2140
rc141,rc141@gmail.com,rc141,10,10,5542267619,1,2141
rc142,rc142@gmail.com,rc142,10,10,2449080268,1,2142
rc143,rc143@gmail.com,rc143,10,10,1706964566,1,2143
rc144,rc144@gmail.com,rc144,10,10,9701700019,1,2144
rc145,rc145@gmail.com,rc145,10,10,2885849573,1,2145
rc146,rc146@gmail.com,rc146,10,10,9318521056,1,2146
rc147,rc147@gmail.com,rc147,10,10,5409666545,1,2147
rc148,rc148@gmail.com,rc148,10,10,7398205182,1,2148
rc149,rc149@gmail.com,rc149,10,10,8751907362,1,2149
rc150,rc150@gmail.com,rc150,10,10,6313553775,1,2150
rc151,rc151@gmail.com,rc151,10,10,7367681974,1,2151
rc152,rc152@gmail.com,rc152,10,10,2206610127,1,2152
rc153,rc153@gmail.com,rc153,10,10,6842281407,1,2153
rc154,rc154@gmail.com,rc154,10,10,6386083622,1,2154
rc155,rc155@gmail.com,rc155,10,10,5318822690,1,2155
rc156,rc156@gmail.com,rc156,10,10,8363083898,1,2156
rc157,rc157@gmail.com,rc157,10,10,1367190618,1,2157
rc158,rc158@gmail.com,rc158,10,10,1708300474,1,2158
rc159,rc159@gmail.com,rc159,10,10,6292858786,1,2159
rc160,rc160@gmail.com,rc160,10,10,8266374524,1,2160
rc161,rc161@gmail.com,rc161,10,10,9429155244,1,2161
rc162,rc162@gmail.com,rc162,10,10,4564970224,1,2162
rc163,rc163@gmail.com,rc163,10,10,3319893863,1,2163
rc164,rc164@gmail.com,rc164,10,10,9287631120,1,2164
rc165,rc165@gmail.com,rc165,10,10,0666299288,1,2165
rc166,rc166@gmail.com,rc166,10,10,1362436523,1,2166
rc167,rc167@gmail.com,rc167,10,10,4257841843,1,2167
rc168,rc168@gmail.com,rc168,10,10,7049919574,1,2168
rc169,rc169@gmail.com,rc169,10,10,9005221169,1,2169
rc170,rc170@gmail.com,rc170,10,10,3388613682,1,2170
rc171,rc171@gmail.com,rc171,10,10,9401396789,1,2171
rc172,rc172@gmail.com,rc172,10,10,3402883646,1,2172
rc173,rc173@gmail.com,rc173,10,10,6471228070,1,2173
rc174,rc174@gmail.com,rc174,10,10,7368531106,1,2174
rc175,rc175@gmail.com,rc175,10,10,7329838685,1,2175
rc176,rc176@gmail.com,rc176,10,10,3359150709,1,2176
rc177,rc177@gmail.com,rc177,10,10,2247098196,1,2177
rc178,rc178@gmail.com,rc178,10,10,1689464570,1,2178
rc179,rc179@gmail.com,rc179,10,10,8706495299,1,2179
rc180,rc180@gmail.com,rc180,10,10,8419566809,1,2180
rc181,rc181@gmail.com,rc181,10,10,9109801555,1,2181
rc182,rc182@gmail.com,rc182,10,10,8059171875,1,2182
rc183,rc183@gmail.com,rc183,10,10,8802553292,1,2183
rc184,rc184@gmail.com,rc184,10,10,9165865549,1,2184
rc185,rc185@gmail.com,rc185,10,10,5013468499,1,2185
rc186,rc186@gmail.com,rc186,10,10,1124612484,1,2186
rc187,rc187@gmail.com,rc187,10,10,3314708438,1,2187
rc188,rc188@gmail.com,rc188,10,10,1855482075,1,2188
rc189,rc189@gmail.com,rc189,10,10,0056280986,1,2189
rc190,rc190@gmail.com,rc190,10,10,2331929814,1,2190
rc191,rc191@gmail.com,rc191,10,10,7305759530,1,2191
rc192,rc192@gmail.com,rc192,10,10,0702480031,1,2192
rc193,rc193@gmail.com,rc193,10,10,8208337437,1,2193
rc194,rc194@gmail.com,rc194,10,10,8556139239,1,2194
rc195,rc195@gmail.com,rc195,10,10,4969750701,1,2195
rc196,rc196@gmail.com,rc196,10,10,9969551638,1,2196
rc197,rc197@gmail.com,rc197,10,10,7998879979,1,2197
rc198,rc198@gmail.com,rc198,10,10,7248496984,1,2198
rc199,rc199@gmail.com,rc199,10,10,4409077538,1,2199
rc200,rc200@gmail.com,rc200,10,10,7375266015,1,2200
rc201,rc201@gmail.com,rc201,10,10,0480460554,1,2201
rc202,rc202@gmail.com,rc202,10,10,9031511246,1,2202
rc203,rc203@gmail.com,rc203,10,10,9530289544,1,2203
rc204,rc204@gmail.com,rc204,10,10,6687136390,1,2204
rc205,rc205@gmail.com,rc205,10,10,9333663924,1,2205
rc206,rc206@gmail.com,rc206,10,10,5047722056,1,2206
rc207,rc207@gmail.com,rc207,10,10,8587591948,1,2207
rc208,rc208@gmail.com,rc208,10,10,4604171839,1,2208
rc209,rc209@gmail.com,rc209,10,10,4653019888,1,2209
rc210,rc210@gmail.com,rc210,10,10,2240130060,1,2210
rc211,rc211@gmail.com,rc211,10,10,1000855090,1,2211
rc212,rc212@gmail.com,rc212,10,10,8373449884,1,2212
rc213,rc213@gmail.com,rc213,10,10,3236038705,1,2213
rc214,rc214@gmail.com,rc214,10,10,5610928123,1,2214
rc215,rc215@gmail.com,rc215,10,10,3241052172,1,2215
rc216,rc216@gmail.com,rc216,10,10,3045091733,1,2216
rc217,rc217@gmail.com,rc217,10,10,2103011344,1,2217
rc218,rc218@gmail.com,rc218,10,10,8630435557,1,2218
rc219,rc219@gmail.com,rc219,10,10,9661637529,1,2219
rc220,rc220@gmail.com,rc220,10,10,1316484556,1,2220
rc221,rc221@gmail.com,rc221,10,10,7555678052,1,2221
rc222,rc222@gmail.com,rc222,10,10,4249282272,1,2222
rc223,rc223@gmail.com,rc223,10,10,2219435524,1,2223
rc224,rc224@gmail.com,rc224,10,10,7416285712,1,2224
rc225,rc225@gmail.com,rc225,10,10,5127800355,1,2225
rc226,rc226@gmail.com,rc226,10,10,8585512604,1,2226
rc227,rc227@gmail.com,rc227,10,10,9303459635,1,2227
rc228,rc228@gmail.com,rc228,10,10,0349031235,1,2228
rc229,rc229@gmail.com,rc229,10,10,8422314988,1,2229
rc230,rc230@gmail.com,rc230,10,10,8986798728,1,2230
rc231,rc231@gmail.com,rc231,10,10,5361433223,1,2231
rc232,rc232@gmail.com,rc232,10,10,0275205193,1,2232
rc233,rc233@gmail.com,rc233,10,10,3173952903,1,2233
rc234,rc234@gmail.com,rc234,10,10,5780057852,1,2234
rc235,rc235@gmail.com,rc235,10,10,7185949591,1,2235
rc236,rc236@gmail.com,rc236,10,10,7561415025,1,2236
rc237,rc237@gmail.com,rc237,10,10,3544476042,1,2237
rc238,rc238@gmail.com,rc238,10,10,4016693459,1,2238
rc239,rc239@gmail.com,rc239,10,10,7949425251,1,2239
rc240,rc240@gmail.com,rc240,10,10,6589367273,1,2240
rc241,rc241@gmail.com,rc241,10,10,0311088797,1,2241
rc242,rc242@gmail.com,rc242,10,10,5829760688,1,2242
rc243,rc243@gmail.com,rc243,10,10,7299505573,1,2243
rc244,rc244@gmail.com,rc244,10,10,8417532270,1,2244
rc245,rc245@gmail.com,rc245,10,10,5952977093,1,2245
rc246,rc246@gmail.com,rc246,10,10,9072836715,1,2246
rc247,rc247@gmail.com,rc247,10,10,4225229843,1,2247
rc248,rc248@gmail.com,rc248,10,10,8677884289,1,2248
rc249,rc249@gmail.com,rc249,10,10,8493420516,1,2249
rc250,rc250@gmail.com,rc250,10,10,6829778753,1,2250
rc251,rc251@gmail.com,rc251,10,10,0111862762,1,2251
rc252,rc252@gmail.com,rc252,10,10,7789093977,1,2252
rc253,rc253@gmail.com,rc253,10,10,6452942080,1,2253
rc254,rc254@gmail.com,rc254,10,10,1837575160,1,2254
rc255,rc255@gmail.com,rc255,10,10,7467581268,1,2255
rc256,rc256@gmail.com,rc256,10,10,6978252529,1,2256
rc257,rc257@gmail.com,rc257,10,10,3337211607,1,2257
rc258,rc258@gmail.com,rc258,10,10,2585460677,1,2258
rc259,rc259@gmail.com,rc259,10,10,4496542172,1,2259
rc260,rc260@gmail.com,rc260,10,10,7271818557,1,2260
rc261,rc261@gmail.com,rc261,10,10,8595897576,1,2261
rc262,rc262@gmail.com,rc262,10,10,8323839305,1,2262
rc263,rc263@gmail.com,rc263,10,10,9056055599,1,2263
rc264,rc264@gmail.com,rc264,10,10,6343566206,1,2264
rc265,rc265@gmail.com,rc265,10,10,5993319563,1,2265
rc266,rc266@gmail.com,rc266,10,10,4160516218,1,2266
rc267,rc267@gmail.com,rc267,10,10,2526658843,1,2267
rc268,rc268@gmail.com,rc268,10,10,3228221798,1,2268
rc269,rc269@gmail.com,rc269,10,10,2625959205,1,2269
rc270,rc270@gmail.com,rc270,10,10,2337970128,1,2270
rc271,rc271@gmail.com,rc271,10,10,7923524516,1,2271
rc272,rc272@gmail.com,rc272,10,10,7087333040,1,2272
rc273,rc273@gmail.com,rc273,10,10,4831116517,1,2273
rc274,rc274@gmail.com,rc274,10,10,9874265566,1,2274
rc275,rc275@gmail.com,rc275,10,10,6583312330,1,2275
rc276,rc276@gmail.com,rc276,10,10,3679791028,1,2276
rc277,rc277@gmail.com,rc277,10,10,0064623565,1,2277
rc278,rc278@gmail.com,rc278,10,10,9087285905,1,2278
rc279,rc279@gmail.com,rc279,10,10,1316205224,1,2279
rc280,rc280@gmail.com,rc280,10,10,0707196178,1,2280
rc281,rc281@gmail.com,rc281,10,10,9812869863,1,2281
rc282,rc282@gmail.com,rc282,10,10,8675711399,1,2282
rc283,rc283@gmail.com,rc283,10,10,5115131910,1,2283
rc284,rc284@gmail.com,rc284,10,10,8631479096,1,2284
rc285,rc285@gmail.com,rc285,10,10,8460904977,1,2285
rc286,rc286@gmail.com,rc286,10,10,3457780482,1,2286
rc287,rc287@gmail.com,rc287,10,10,7749925866,1,2287
rc288,rc288@gmail.com,rc288,10,10,8967340127,1,2288
rc289,rc289@gmail.com,rc289,10,10,1544842182,1,2289
rc290,rc290@gmail.com,rc290,10,10,7077958520,1,2290
rc291,rc291@gmail.com,rc291,10,10,8349174048,1,2291
rc292,rc292@gmail.com,rc292,10,10,0961159997,1,2292
rc293,rc293@gmail.com,rc293,10,10,1978590320,1,2293
rc294,rc294@gmail.com,rc294,10,10,9101884328,1,2294
rc295,rc295@gmail.com,rc295,10,10,2331859649,1,2295
rc296,rc296@gmail.com,rc296,10,10,2493194006,1,2296
rc297,rc297@gmail.com,rc297,10,10,9476612306,1,2297
rc298,rc298@gmail.com,rc298,10,10,6558223305,1,2298
rc299,rc299@gmail.com,rc299,10,10,1753342861,1,2299
rc300,rc300@gmail.com,rc300,10,10,7907444326,1,2300
rc301,rc301@gmail.com,rc301,10,10,0678023714,1,2301
rc302,rc302@gmail.com,rc302,10,10,9638513379,1,2302
rc303,rc303@gmail.com,rc303,10,10,1275996686,1,2303
rc304,rc304@gmail.com,rc304,10,10,0626204696,1,2304
rc305,rc305@gmail.com,rc305,10,10,1394796481,1,2305
rc306,rc306@gmail.com,rc306,10,10,5288408157,1,2306
rc307,rc307@gmail.com,rc307,10,10,4142166079,1,2307
rc308,rc308@gmail.com,rc308,10,10,2867380606,1,2308
rc309,rc309@gmail.com,rc309,10,10,9130714905,1,2309
rc310,rc310@gmail.com,rc310,10,10,0110945418,1,2310
rc311,rc311@gmail.com,rc311,10,10,7955258359,1,2311
rc312,rc312@gmail.com,rc312,10,10,3334485490,1,2312
rc313,rc313@gmail.com,rc313,10,10,7432321463,1,2313
rc314,rc314@gmail.com,rc314,10,10,2289156320,1,2314
rc315,rc315@gmail.com,rc315,10,10,7361434875,1,2315
rc316,rc316@gmail.com,rc316,10,10,1113187870,1,2316
rc317,rc317@gmail.com,rc317,10,10,9276813034,1,2317
rc318,rc318@gmail.com,rc318,10,10,3894445440,1,2318
rc319,rc319@gmail.com,rc319,10,10,0070315741,1,2319
rc320,rc320@gmail.com,rc320,10,10,3130329907,1,2320
rc321,rc321@gmail.com,rc321,10,10,0837280321,1,2321
rc322,rc322@gmail.com,rc322,10,10,0259188436,1,2322
rc323,rc323@gmail.com,rc323,10,10,0845486688,1,2323
rc324,rc324@gmail.com,rc324,10,10,8741279629,1,2324
rc325,rc325@gmail.com,rc325,10,10,3808052356,1,2325
rc326,rc326@gmail.com,rc326,10,10,0697810286,1,2326
rc327,rc327@gmail.com,rc327,10,10,8684903346,1,2327
rc328,rc328@gmail.com,rc328,10,10,4809438882,1,2328
rc329,rc329@gmail.com,rc329,10,10,3137206402,1,2329
rc330,rc330@gmail.com,rc330,10,10,1096723971,1,2330
rc331,rc331@gmail.com,rc331,10,10,6312587785,1,2331
rc332,rc332@gmail.com,rc332,10,10,6937465693,1,2332
rc333,rc333@gmail.com,rc333,10,10,6912951069,1,2333
rc334,rc334@gmail.com,rc334,10,10,7071375815,1,2334
rc335,rc335@gmail.com,rc335,10,10,0498952926,1,2335
rc336,rc336@gmail.com,rc336,10,10,4737608414,1,2336
rc337,rc337@gmail.com,rc337,10,10,4091582341,1,2337
rc338,rc338@gmail.com,rc338,10,10,2756771979,1,2338
rc339,rc339@gmail.com,rc339,10,10,1000404428,1,2339
rc340,rc340@gmail.com,rc340,10,10,7950753350,1,2340
rc341,rc341@gmail.com,rc341,10,10,0783622316,1,2341
rc342,rc342@gmail.com,rc342,10,10,0250789820,1,2342
rc343,rc343@gmail.com,rc343,10,10,6348730966,1,2343
rc344,rc344@gmail.com,rc344,10,10,6864759017,1,2344
rc345,rc345@gmail.com,rc345,10,10,6262888892,1,2345
rc346,rc346@gmail.com,rc346,10,10,4674576864,1,2346
rc347,rc347@gmail.com,rc347,10,10,3588834014,1,2347
rc348,rc348@gmail.com,rc348,10,10,6249470271,1,2348
rc349,rc349@gmail.com,rc349,10,10,3216021178,1,2349
rc350,rc350@gmail.com,rc350,10,10,7004087359,1,2350
rc351,rc351@gmail.com,rc351,10,10,7155664137,1,2351
rc352,rc352@gmail.com,rc352,10,10,8566694220,1,2352
rc353,rc353@gmail.com,rc353,10,10,5561959221,1,2353
rc354,rc354@gmail.com,rc354,10,10,8373598234,1,2354
rc355,rc355@gmail.com,rc355,10,10,2266750810,1,2355
rc356,rc356@gmail.com,rc356,10,10,5323678946,1,2356
rc357,rc357@gmail.com,rc357,10,10,9575199028,1,2357
rc358,rc358@gmail.com,rc358,10,10,7210102437,1,2358
rc359,rc359@gmail.com,rc359,10,10,6884486167,1,2359
rc360,rc360@gmail.com,rc360,10,10,3152906045,1,2360
rc361,rc361@gmail.com,rc361,10,10,0975908560,1,2361
rc362,rc362@gmail.com,rc362,10,10,9716619008,1,2362
rc363,rc363@gmail.com,rc363,10,10,9652602489,1,2363
rc364,rc364@gmail.com,rc364,10,10,6297499406,1,2364
rc365,rc365@gmail.com,rc365,10,10,8962527698,1,2365
rc366,rc366@gmail.com,rc366,10,10,2819996467,1,2366
rc367,rc367@gmail.com,rc367,10,10,0424641401,1,2367
rc368,rc368@gmail.com,rc368,10,10,1727330311,1,2368
rc369,rc369@gmail.com,rc369,10,10,1091046251,1,2369
rc370,rc370@gmail.com,rc370,10,10,0699328972,1,2370
rc371,rc371@gmail.com,rc371,10,10,5968925810,1,2371
rc372,rc372@gmail.com,rc372,10,10,0941710048,1,2372
rc373,rc373@gmail.com,rc373,10,10,4994761342,1,2373
rc374,rc374@gmail.com,rc374,10,10,8805716241,1,2374
rc375,rc375@gmail.com,rc375,10,10,5435928390,1,2375
rc376,rc376@gmail.com,rc376,10,10,3752656971,1,2376
rc377,rc377@gmail.com,rc377,10,10,4084853333,1,2377
rc378,rc378@gmail.com,rc378,10,10,6540782671,1,2378
rc379,rc379@gmail.com,rc379,10,10,8413166217,1,2379
rc380,rc380@gmail.com,rc380,10,10,8323455549,1,2380
rc381,rc381@gmail.com,rc381,10,10,2034798050,1,2381
rc382,rc382@gmail.com,rc382,10,10,2343165531,1,2382
rc383,rc383@gmail.com,rc383,10,10,0659565946,1,2383
rc384,rc384@gmail.com,rc384,10,10,9459163975,1,2384
rc385,rc385@gmail.com,rc385,10,10,4019802938,1,2385
rc386,rc386@gmail.com,rc386,10,10,7466901629,1,2386
rc387,rc387@gmail.com,rc387,10,10,3767162734,1,2387
rc388,rc388@gmail.com,rc388,10,10,8044248472,1,2388
rc389,rc389@gmail.com,rc389,10,10,6585340489,1,2389
rc390,rc390@gmail.com,rc390,10,10,4744244524,1,2390
rc391,rc391@gmail.com,rc391,10,10,6772601935,1,2391
rc392,rc392@gmail.com,rc392,10,10,0840619520,1,2392
rc393,rc393@gmail.com,rc393,10,10,5395863810,1,2393
rc394,rc394@gmail.com,rc394,10,10,5070249364,1,2394
rc395,rc395@gmail.com,rc395,10,10,2007681646,1,2395
rc396,rc396@gmail.com,rc396,10,10,0356997939,1,2396
rc397,rc397@gmail.com,rc397,10,10,8156238716,1,2397
rc398,rc398@gmail.com,rc398,10,10,6340404129,1,2398
rc399,rc399@gmail.com,rc399,10,10,4764140724,1,2399
rc400,rc400@gmail.com,rc400,10,10,8320680984,1,2400
rc401,rc401@gmail.com,rc401,10,10,0651429312,1,2401
rc402,rc402@gmail.com,rc402,10,10,9689036008,1,2402
rc403,rc403@gmail.com,rc403,10,10,6920663231,1,2403
rc404,rc404@gmail.com,rc404,10,10,9788543894,1,2404
rc405,rc405@gmail.com,rc405,10,10,6349424594,1,2405
rc406,rc406@gmail.com,rc406,10,10,8338013425,1,2406
rc407,rc407@gmail.com,rc407,10,10,3209364434,1,2407
rc408,rc408@gmail.com,rc408,10,10,6002764565,1,2408
rc409,rc409@gmail.com,rc409,10,10,9344479295,1,2409
rc410,rc410@gmail.com,rc410,10,10,2601417374,1,2410
rc411,rc411@gmail.com,rc411,10,10,0450976665,1,2411
rc412,rc412@gmail.com,rc412,10,10,9736641125,1,2412
rc413,rc413@gmail.com,rc413,10,10,5966160693,1,2413
rc414,rc414@gmail.com,rc414,10,10,1376223915,1,2414
rc415,rc415@gmail.com,rc415,10,10,5872679208,1,2415
rc416,rc416@gmail.com,rc416,10,10,3321480054,1,2416
rc417,rc417@gmail.com,rc417,10,10,3042212964,1,2417
rc418,rc418@gmail.com,rc418,10,10,2132963687,1,2418
rc419,rc419@gmail.com,rc419,10,10,2917331233,1,2419
rc420,rc420@gmail.com,rc420,10,10,9928419515,1,2420
rc421,rc421@gmail.com,rc421,10,10,8429768983,1,2421
rc422,rc422@gmail.com,rc422,10,10,2891665378,1,2422
rc423,rc423@gmail.com,rc423,10,10,6592005972,1,2423
rc424,rc424@gmail.com,rc424,10,10,7955273878,1,2424
rc425,rc425@gmail.com,rc425,10,10,4932934113,1,2425
rc426,rc426@gmail.com,rc426,10,10,6834706304,1,2426
rc427,rc427@gmail.com,rc427,10,10,4936075631,1,2427
rc428,rc428@gmail.com,rc428,10,10,2806208775,1,2428
rc429,rc429@gmail.com,rc429,10,10,8609663808,1,2429
rc430,rc430@gmail.com,rc430,10,10,0350272722,1,2430
rc431,rc431@gmail.com,rc431,10,10,4861811675,1,2431
rc432,rc432@gmail.com,rc432,10,10,3086373233,1,2432
rc433,rc433@gmail.com,rc433,10,10,8547998334,1,2433
rc434,rc434@gmail.com,rc434,10,10,1900951827,1,2434
rc435,rc435@gmail.com,rc435,10,10,8162802557,1,2435
rc436,rc436@gmail.com,rc436,10,10,3671650439,1,2436
rc437,rc437@gmail.com,rc437,10,10,5501764243,1,2437
rc438,rc438@gmail.com,rc438,10,10,5530002975,1,2438
rc439,rc439@gmail.com,rc439,10,10,0498413026,1,2439
rc440,rc440@gmail.com,rc440,10,10,5470614633,1,2440
rc441,rc441@gmail.com,rc441,10,10,8969400272,1,2441
rc442,rc442@gmail.com,rc442,10,10,5193882262,1,2442
rc443,rc443@gmail.com,rc443,10,10,9532291209,1,2443
rc444,rc444@gmail.com,rc444,10,10,4450201766,1,2444
rc445,rc445@gmail.com,rc445,10,10,4266575472,1,2445
rc446,rc446@gmail.com,rc446,10,10,4043070019,1,2446
rc447,rc447@gmail.com,rc447,10,10,7032696399,1,2447
rc448,rc448@gmail.com,rc448,10,10,4232155118,1,2448
rc449,rc449@gmail.com,rc449,10,10,3358871695,1,2449
rc450,rc450@gmail.com,rc450,10,10,2291527917,1,2450
rc451,rc451@gmail.com,rc451,10,10,6311456595,1,2451
rc452,rc452@gmail.com,rc452,10,10,6899136587,1,2452
rc453,rc453@gmail.com,rc453,10,10,5175034623,1,2453
rc454,rc454@gmail.com,rc454,10,10,4890294014,1,2454
rc455,rc455@gmail.com,rc455,10,10,9128793760,1,2455
rc456,rc456@gmail.com,rc456,10,10,2758461962,1,2456
rc457,rc457@gmail.com,rc457,10,10,8367195882,1,2457
rc458,rc458@gmail.com,rc458,10,10,0330533886,1,2458
rc459,rc459@gmail.com,rc459,10,10,8623038802,1,2459
rc460,rc460@gmail.com,rc460,10,10,8102843552,1,2460
rc461,rc461@gmail.com,rc461,10,10,1465908070,1,2461
rc462,rc462@gmail.com,rc462,10,10,5446467419,1,2462
rc463,rc463@gmail.com,rc463,10,10,0161310371,1,2463
rc464,rc464@gmail.com,rc464,10,10,3534477898,1,2464
rc465,rc465@gmail.com,rc465,10,10,3761014973,1,2465
rc466,rc466@gmail.com,rc466,10,10,4629667337,1,2466
rc467,rc467@gmail.com,rc467,10,10,0447751913,1,2467
rc468,rc468@gmail.com,rc468,10,10,7636026658,1,2468
rc469,rc469@gmail.com,rc469,10,10,2182093887,1,2469
rc470,rc470@gmail.com,rc470,10,10,4472076956,1,2470
rc471,rc471@gmail.com,rc471,10,10,5343797496,1,2471
rc472,rc472@gmail.com,rc472,10,10,4471157483,1,2472
rc473,rc473@gmail.com,rc473,10,10,8532243606,1,2473
rc474,rc474@gmail.com,rc474,10,10,6321127963,1,2474
rc475,rc475@gmail.com,rc475,10,10,4964042164,1,2475
rc476,rc476@gmail.com,rc476,10,10,4680212876,1,2476
rc477,rc477@gmail.com,rc477,10,10,1055404705,1,2477
rc478,rc478@gmail.com,rc478,10,10,4834424858,1,2478
rc479,rc479@gmail.com,rc479,10,10,1022655724,1,2479
rc480,rc480@gmail.com,rc480,10,10,0408990687,1,2480
rc481,rc481@gmail.com,rc481,10,10,0986119906,1,2481
rc482,rc482@gmail.com,rc482,10,10,1735906785,1,2482
rc483,rc483@gmail.com,rc483,10,10,3027746816,1,2483
rc484,rc484@gmail.com,rc484,10,10,7884106253,1,2484
rc485,rc485@gmail.com,rc485,10,10,1751995139,1,2485
rc486,rc486@gmail.com,rc486,10,10,5225134891,1,2486
rc487,rc487@gmail.com,rc487,10,10,7978765887,1,2487
rc488,rc488@gmail.com,rc488,10,10,2202422323,1,2488
rc489,rc489@gmail.com,rc489,10,10,7217886696,1,2489
rc490,rc490@gmail.com,rc490,10,10,8867472360,1,2490
rc491,rc491@gmail.com,rc491,10,10,4927326705,1,2491
rc492,rc492@gmail.com,rc492,10,10,3249975291,1,2492
rc493,rc493@gmail.com,rc493,10,10,9611001128,1,2493
rc494,rc494@gmail.com,rc494,10,10,4036545326,1,2494
rc495,rc495@gmail.com,rc495,10,10,1516758100,1,2495
rc496,rc496@gmail.com,rc496,10,10,2693312780,1,2496
rc497,rc497@gmail.com,rc497,10,10,5944270042,1,2497
rc498,rc498@gmail.com,rc498,10,10,0950241349,1,2498
rc499,rc499@gmail.com,rc499,10,10,7731240322,1,2499
rc500,rc500@gmail.com,rc500,10,10,3997103952,1,2500
